"filename", "language", "JavaScript", "Dotenv", "HTML", "JSON", "JSON with Comments", "YAML", "vue", "Markdown", "PostCSS", "XML", "comment", "blank", "total"
"e:\Project\1-vue-naive-admin\.env", "Dotenv", 0, 1, 0, 0, 0, 0, 0, 0, 0, 0, 0, 1, 2
"e:\Project\1-vue-naive-admin\README.md", "Markdown", 0, 0, 0, 0, 0, 0, 0, 67, 0, 0, 0, 36, 103
"e:\Project\1-vue-naive-admin\build\index.js", "JavaScript", 22, 0, 0, 0, 0, 0, 0, 0, 0, 0, 13, 5, 40
"e:\Project\1-vue-naive-admin\build\plugin-isme\icons.js", "JavaScript", 16, 0, 0, 0, 0, 0, 0, 0, 0, 0, 7, 3, 26
"e:\Project\1-vue-naive-admin\build\plugin-isme\index.js", "JavaScript", 2, 0, 0, 0, 0, 0, 0, 0, 0, 0, 7, 2, 11
"e:\Project\1-vue-naive-admin\build\plugin-isme\page-pathes.js", "JavaScript", 16, 0, 0, 0, 0, 0, 0, 0, 0, 0, 7, 3, 26
"e:\Project\1-vue-naive-admin\eslint.config.js", "JavaScript", 33, 0, 0, 0, 0, 0, 0, 0, 0, 0, 0, 2, 35
"e:\Project\1-vue-naive-admin\index.html", "HTML", 0, 0, 85, 0, 0, 0, 0, 0, 0, 0, 0, 10, 95
"e:\Project\1-vue-naive-admin\jsconfig.json", "JSON with Comments", 0, 0, 0, 0, 14, 0, 0, 0, 0, 0, 0, 1, 15
"e:\Project\1-vue-naive-admin\package.json", "JSON", 0, 0, 0, 60, 0, 0, 0, 0, 0, 0, 0, 1, 61
"e:\Project\1-vue-naive-admin\pnpm-lock.yaml", "YAML", 0, 0, 0, 0, 0, 6013, 0, 0, 0, 0, 0, 1613, 7626
"e:\Project\1-vue-naive-admin\pnpm-workspace.yaml", "YAML", 0, 0, 0, 0, 0, 5, 0, 0, 0, 0, 0, 3, 8
"e:\Project\1-vue-naive-admin\src\App.vue", "vue", 0, 0, 0, 0, 0, 0, 51, 0, 0, 0, 7, 8, 66
"e:\Project\1-vue-naive-admin\src\api\index.js", "JavaScript", 9, 0, 0, 0, 0, 0, 0, 0, 0, 0, 13, 3, 25
"e:\Project\1-vue-naive-admin\src\assets\icons\dynamic-icons.js", "JavaScript", 1, 0, 0, 0, 0, 0, 0, 0, 0, 0, 8, 2, 11
"e:\Project\1-vue-naive-admin\src\assets\icons\feather\activity.svg", "XML", 0, 0, 0, 0, 0, 0, 0, 0, 0, 1, 0, 0, 1
"e:\Project\1-vue-naive-admin\src\assets\icons\feather\airplay.svg", "XML", 0, 0, 0, 0, 0, 0, 0, 0, 0, 1, 0, 0, 1
"e:\Project\1-vue-naive-admin\src\assets\icons\feather\alert-circle.svg", "XML", 0, 0, 0, 0, 0, 0, 0, 0, 0, 1, 0, 0, 1
"e:\Project\1-vue-naive-admin\src\assets\icons\feather\alert-octagon.svg", "XML", 0, 0, 0, 0, 0, 0, 0, 0, 0, 1, 0, 0, 1
"e:\Project\1-vue-naive-admin\src\assets\icons\feather\alert-triangle.svg", "XML", 0, 0, 0, 0, 0, 0, 0, 0, 0, 1, 0, 0, 1
"e:\Project\1-vue-naive-admin\src\assets\icons\feather\align-center.svg", "XML", 0, 0, 0, 0, 0, 0, 0, 0, 0, 1, 0, 0, 1
"e:\Project\1-vue-naive-admin\src\assets\icons\feather\align-justify.svg", "XML", 0, 0, 0, 0, 0, 0, 0, 0, 0, 1, 0, 0, 1
"e:\Project\1-vue-naive-admin\src\assets\icons\feather\align-left.svg", "XML", 0, 0, 0, 0, 0, 0, 0, 0, 0, 1, 0, 0, 1
"e:\Project\1-vue-naive-admin\src\assets\icons\feather\align-right.svg", "XML", 0, 0, 0, 0, 0, 0, 0, 0, 0, 1, 0, 0, 1
"e:\Project\1-vue-naive-admin\src\assets\icons\feather\anchor.svg", "XML", 0, 0, 0, 0, 0, 0, 0, 0, 0, 1, 0, 0, 1
"e:\Project\1-vue-naive-admin\src\assets\icons\feather\aperture.svg", "XML", 0, 0, 0, 0, 0, 0, 0, 0, 0, 1, 0, 0, 1
"e:\Project\1-vue-naive-admin\src\assets\icons\feather\archive.svg", "XML", 0, 0, 0, 0, 0, 0, 0, 0, 0, 1, 0, 0, 1
"e:\Project\1-vue-naive-admin\src\assets\icons\feather\arrow-down-circle.svg", "XML", 0, 0, 0, 0, 0, 0, 0, 0, 0, 1, 0, 0, 1
"e:\Project\1-vue-naive-admin\src\assets\icons\feather\arrow-down-left.svg", "XML", 0, 0, 0, 0, 0, 0, 0, 0, 0, 1, 0, 0, 1
"e:\Project\1-vue-naive-admin\src\assets\icons\feather\arrow-down-right.svg", "XML", 0, 0, 0, 0, 0, 0, 0, 0, 0, 1, 0, 0, 1
"e:\Project\1-vue-naive-admin\src\assets\icons\feather\arrow-down.svg", "XML", 0, 0, 0, 0, 0, 0, 0, 0, 0, 1, 0, 0, 1
"e:\Project\1-vue-naive-admin\src\assets\icons\feather\arrow-left-circle.svg", "XML", 0, 0, 0, 0, 0, 0, 0, 0, 0, 1, 0, 0, 1
"e:\Project\1-vue-naive-admin\src\assets\icons\feather\arrow-left.svg", "XML", 0, 0, 0, 0, 0, 0, 0, 0, 0, 1, 0, 0, 1
"e:\Project\1-vue-naive-admin\src\assets\icons\feather\arrow-right-circle.svg", "XML", 0, 0, 0, 0, 0, 0, 0, 0, 0, 1, 0, 0, 1
"e:\Project\1-vue-naive-admin\src\assets\icons\feather\arrow-right.svg", "XML", 0, 0, 0, 0, 0, 0, 0, 0, 0, 1, 0, 0, 1
"e:\Project\1-vue-naive-admin\src\assets\icons\feather\arrow-up-circle.svg", "XML", 0, 0, 0, 0, 0, 0, 0, 0, 0, 1, 0, 0, 1
"e:\Project\1-vue-naive-admin\src\assets\icons\feather\arrow-up-left.svg", "XML", 0, 0, 0, 0, 0, 0, 0, 0, 0, 1, 0, 0, 1
"e:\Project\1-vue-naive-admin\src\assets\icons\feather\arrow-up-right.svg", "XML", 0, 0, 0, 0, 0, 0, 0, 0, 0, 1, 0, 0, 1
"e:\Project\1-vue-naive-admin\src\assets\icons\feather\arrow-up.svg", "XML", 0, 0, 0, 0, 0, 0, 0, 0, 0, 1, 0, 0, 1
"e:\Project\1-vue-naive-admin\src\assets\icons\feather\at-sign.svg", "XML", 0, 0, 0, 0, 0, 0, 0, 0, 0, 1, 0, 0, 1
"e:\Project\1-vue-naive-admin\src\assets\icons\feather\award.svg", "XML", 0, 0, 0, 0, 0, 0, 0, 0, 0, 1, 0, 0, 1
"e:\Project\1-vue-naive-admin\src\assets\icons\feather\bar-chart-2.svg", "XML", 0, 0, 0, 0, 0, 0, 0, 0, 0, 1, 0, 0, 1
"e:\Project\1-vue-naive-admin\src\assets\icons\feather\bar-chart.svg", "XML", 0, 0, 0, 0, 0, 0, 0, 0, 0, 1, 0, 0, 1
"e:\Project\1-vue-naive-admin\src\assets\icons\feather\battery-charging.svg", "XML", 0, 0, 0, 0, 0, 0, 0, 0, 0, 1, 0, 0, 1
"e:\Project\1-vue-naive-admin\src\assets\icons\feather\battery.svg", "XML", 0, 0, 0, 0, 0, 0, 0, 0, 0, 1, 0, 0, 1
"e:\Project\1-vue-naive-admin\src\assets\icons\feather\bell-off.svg", "XML", 0, 0, 0, 0, 0, 0, 0, 0, 0, 1, 0, 0, 1
"e:\Project\1-vue-naive-admin\src\assets\icons\feather\bell.svg", "XML", 0, 0, 0, 0, 0, 0, 0, 0, 0, 1, 0, 0, 1
"e:\Project\1-vue-naive-admin\src\assets\icons\feather\bluetooth.svg", "XML", 0, 0, 0, 0, 0, 0, 0, 0, 0, 1, 0, 0, 1
"e:\Project\1-vue-naive-admin\src\assets\icons\feather\bold.svg", "XML", 0, 0, 0, 0, 0, 0, 0, 0, 0, 1, 0, 0, 1
"e:\Project\1-vue-naive-admin\src\assets\icons\feather\book-open.svg", "XML", 0, 0, 0, 0, 0, 0, 0, 0, 0, 1, 0, 0, 1
"e:\Project\1-vue-naive-admin\src\assets\icons\feather\book.svg", "XML", 0, 0, 0, 0, 0, 0, 0, 0, 0, 1, 0, 0, 1
"e:\Project\1-vue-naive-admin\src\assets\icons\feather\bookmark.svg", "XML", 0, 0, 0, 0, 0, 0, 0, 0, 0, 1, 0, 0, 1
"e:\Project\1-vue-naive-admin\src\assets\icons\feather\box.svg", "XML", 0, 0, 0, 0, 0, 0, 0, 0, 0, 1, 0, 0, 1
"e:\Project\1-vue-naive-admin\src\assets\icons\feather\briefcase.svg", "XML", 0, 0, 0, 0, 0, 0, 0, 0, 0, 1, 0, 0, 1
"e:\Project\1-vue-naive-admin\src\assets\icons\feather\calendar.svg", "XML", 0, 0, 0, 0, 0, 0, 0, 0, 0, 1, 0, 0, 1
"e:\Project\1-vue-naive-admin\src\assets\icons\feather\camera-off.svg", "XML", 0, 0, 0, 0, 0, 0, 0, 0, 0, 1, 0, 0, 1
"e:\Project\1-vue-naive-admin\src\assets\icons\feather\camera.svg", "XML", 0, 0, 0, 0, 0, 0, 0, 0, 0, 1, 0, 0, 1
"e:\Project\1-vue-naive-admin\src\assets\icons\feather\cast.svg", "XML", 0, 0, 0, 0, 0, 0, 0, 0, 0, 1, 0, 0, 1
"e:\Project\1-vue-naive-admin\src\assets\icons\feather\check-circle.svg", "XML", 0, 0, 0, 0, 0, 0, 0, 0, 0, 1, 0, 0, 1
"e:\Project\1-vue-naive-admin\src\assets\icons\feather\check-square.svg", "XML", 0, 0, 0, 0, 0, 0, 0, 0, 0, 1, 0, 0, 1
"e:\Project\1-vue-naive-admin\src\assets\icons\feather\check.svg", "XML", 0, 0, 0, 0, 0, 0, 0, 0, 0, 1, 0, 0, 1
"e:\Project\1-vue-naive-admin\src\assets\icons\feather\chevron-down.svg", "XML", 0, 0, 0, 0, 0, 0, 0, 0, 0, 1, 0, 0, 1
"e:\Project\1-vue-naive-admin\src\assets\icons\feather\chevron-left.svg", "XML", 0, 0, 0, 0, 0, 0, 0, 0, 0, 1, 0, 0, 1
"e:\Project\1-vue-naive-admin\src\assets\icons\feather\chevron-right.svg", "XML", 0, 0, 0, 0, 0, 0, 0, 0, 0, 1, 0, 0, 1
"e:\Project\1-vue-naive-admin\src\assets\icons\feather\chevron-up.svg", "XML", 0, 0, 0, 0, 0, 0, 0, 0, 0, 1, 0, 0, 1
"e:\Project\1-vue-naive-admin\src\assets\icons\feather\chevrons-down.svg", "XML", 0, 0, 0, 0, 0, 0, 0, 0, 0, 1, 0, 0, 1
"e:\Project\1-vue-naive-admin\src\assets\icons\feather\chevrons-left.svg", "XML", 0, 0, 0, 0, 0, 0, 0, 0, 0, 1, 0, 0, 1
"e:\Project\1-vue-naive-admin\src\assets\icons\feather\chevrons-right.svg", "XML", 0, 0, 0, 0, 0, 0, 0, 0, 0, 1, 0, 0, 1
"e:\Project\1-vue-naive-admin\src\assets\icons\feather\chevrons-up.svg", "XML", 0, 0, 0, 0, 0, 0, 0, 0, 0, 1, 0, 0, 1
"e:\Project\1-vue-naive-admin\src\assets\icons\feather\chrome.svg", "XML", 0, 0, 0, 0, 0, 0, 0, 0, 0, 1, 0, 0, 1
"e:\Project\1-vue-naive-admin\src\assets\icons\feather\circle.svg", "XML", 0, 0, 0, 0, 0, 0, 0, 0, 0, 1, 0, 0, 1
"e:\Project\1-vue-naive-admin\src\assets\icons\feather\clipboard.svg", "XML", 0, 0, 0, 0, 0, 0, 0, 0, 0, 1, 0, 0, 1
"e:\Project\1-vue-naive-admin\src\assets\icons\feather\clock.svg", "XML", 0, 0, 0, 0, 0, 0, 0, 0, 0, 1, 0, 0, 1
"e:\Project\1-vue-naive-admin\src\assets\icons\feather\cloud-drizzle.svg", "XML", 0, 0, 0, 0, 0, 0, 0, 0, 0, 1, 0, 0, 1
"e:\Project\1-vue-naive-admin\src\assets\icons\feather\cloud-lightning.svg", "XML", 0, 0, 0, 0, 0, 0, 0, 0, 0, 1, 0, 0, 1
"e:\Project\1-vue-naive-admin\src\assets\icons\feather\cloud-off.svg", "XML", 0, 0, 0, 0, 0, 0, 0, 0, 0, 1, 0, 0, 1
"e:\Project\1-vue-naive-admin\src\assets\icons\feather\cloud-rain.svg", "XML", 0, 0, 0, 0, 0, 0, 0, 0, 0, 1, 0, 0, 1
"e:\Project\1-vue-naive-admin\src\assets\icons\feather\cloud-snow.svg", "XML", 0, 0, 0, 0, 0, 0, 0, 0, 0, 1, 0, 0, 1
"e:\Project\1-vue-naive-admin\src\assets\icons\feather\cloud.svg", "XML", 0, 0, 0, 0, 0, 0, 0, 0, 0, 1, 0, 0, 1
"e:\Project\1-vue-naive-admin\src\assets\icons\feather\code.svg", "XML", 0, 0, 0, 0, 0, 0, 0, 0, 0, 1, 0, 0, 1
"e:\Project\1-vue-naive-admin\src\assets\icons\feather\codepen.svg", "XML", 0, 0, 0, 0, 0, 0, 0, 0, 0, 1, 0, 0, 1
"e:\Project\1-vue-naive-admin\src\assets\icons\feather\codesandbox.svg", "XML", 0, 0, 0, 0, 0, 0, 0, 0, 0, 1, 0, 0, 1
"e:\Project\1-vue-naive-admin\src\assets\icons\feather\coffee.svg", "XML", 0, 0, 0, 0, 0, 0, 0, 0, 0, 1, 0, 0, 1
"e:\Project\1-vue-naive-admin\src\assets\icons\feather\columns.svg", "XML", 0, 0, 0, 0, 0, 0, 0, 0, 0, 1, 0, 0, 1
"e:\Project\1-vue-naive-admin\src\assets\icons\feather\command.svg", "XML", 0, 0, 0, 0, 0, 0, 0, 0, 0, 1, 0, 0, 1
"e:\Project\1-vue-naive-admin\src\assets\icons\feather\compass.svg", "XML", 0, 0, 0, 0, 0, 0, 0, 0, 0, 1, 0, 0, 1
"e:\Project\1-vue-naive-admin\src\assets\icons\feather\copy.svg", "XML", 0, 0, 0, 0, 0, 0, 0, 0, 0, 1, 0, 0, 1
"e:\Project\1-vue-naive-admin\src\assets\icons\feather\corner-down-left.svg", "XML", 0, 0, 0, 0, 0, 0, 0, 0, 0, 1, 0, 0, 1
"e:\Project\1-vue-naive-admin\src\assets\icons\feather\corner-down-right.svg", "XML", 0, 0, 0, 0, 0, 0, 0, 0, 0, 1, 0, 0, 1
"e:\Project\1-vue-naive-admin\src\assets\icons\feather\corner-left-down.svg", "XML", 0, 0, 0, 0, 0, 0, 0, 0, 0, 1, 0, 0, 1
"e:\Project\1-vue-naive-admin\src\assets\icons\feather\corner-left-up.svg", "XML", 0, 0, 0, 0, 0, 0, 0, 0, 0, 1, 0, 0, 1
"e:\Project\1-vue-naive-admin\src\assets\icons\feather\corner-right-down.svg", "XML", 0, 0, 0, 0, 0, 0, 0, 0, 0, 1, 0, 0, 1
"e:\Project\1-vue-naive-admin\src\assets\icons\feather\corner-right-up.svg", "XML", 0, 0, 0, 0, 0, 0, 0, 0, 0, 1, 0, 0, 1
"e:\Project\1-vue-naive-admin\src\assets\icons\feather\corner-up-left.svg", "XML", 0, 0, 0, 0, 0, 0, 0, 0, 0, 1, 0, 0, 1
"e:\Project\1-vue-naive-admin\src\assets\icons\feather\corner-up-right.svg", "XML", 0, 0, 0, 0, 0, 0, 0, 0, 0, 1, 0, 0, 1
"e:\Project\1-vue-naive-admin\src\assets\icons\feather\cpu.svg", "XML", 0, 0, 0, 0, 0, 0, 0, 0, 0, 1, 0, 0, 1
"e:\Project\1-vue-naive-admin\src\assets\icons\feather\credit-card.svg", "XML", 0, 0, 0, 0, 0, 0, 0, 0, 0, 1, 0, 0, 1
"e:\Project\1-vue-naive-admin\src\assets\icons\feather\crop.svg", "XML", 0, 0, 0, 0, 0, 0, 0, 0, 0, 1, 0, 0, 1
"e:\Project\1-vue-naive-admin\src\assets\icons\feather\crosshair.svg", "XML", 0, 0, 0, 0, 0, 0, 0, 0, 0, 1, 0, 0, 1
"e:\Project\1-vue-naive-admin\src\assets\icons\feather\database.svg", "XML", 0, 0, 0, 0, 0, 0, 0, 0, 0, 1, 0, 0, 1
"e:\Project\1-vue-naive-admin\src\assets\icons\feather\delete.svg", "XML", 0, 0, 0, 0, 0, 0, 0, 0, 0, 1, 0, 0, 1
"e:\Project\1-vue-naive-admin\src\assets\icons\feather\disc.svg", "XML", 0, 0, 0, 0, 0, 0, 0, 0, 0, 1, 0, 0, 1
"e:\Project\1-vue-naive-admin\src\assets\icons\feather\divide.svg", "XML", 0, 0, 0, 0, 0, 0, 0, 0, 0, 1, 0, 0, 1
"e:\Project\1-vue-naive-admin\src\assets\icons\feather\dollar-sign.svg", "XML", 0, 0, 0, 0, 0, 0, 0, 0, 0, 1, 0, 0, 1
"e:\Project\1-vue-naive-admin\src\assets\icons\feather\download-cloud.svg", "XML", 0, 0, 0, 0, 0, 0, 0, 0, 0, 1, 0, 0, 1
"e:\Project\1-vue-naive-admin\src\assets\icons\feather\download.svg", "XML", 0, 0, 0, 0, 0, 0, 0, 0, 0, 1, 0, 0, 1
"e:\Project\1-vue-naive-admin\src\assets\icons\feather\dribbble.svg", "XML", 0, 0, 0, 0, 0, 0, 0, 0, 0, 1, 0, 0, 1
"e:\Project\1-vue-naive-admin\src\assets\icons\feather\droplet.svg", "XML", 0, 0, 0, 0, 0, 0, 0, 0, 0, 1, 0, 0, 1
"e:\Project\1-vue-naive-admin\src\assets\icons\feather\edit-2.svg", "XML", 0, 0, 0, 0, 0, 0, 0, 0, 0, 1, 0, 0, 1
"e:\Project\1-vue-naive-admin\src\assets\icons\feather\edit-3.svg", "XML", 0, 0, 0, 0, 0, 0, 0, 0, 0, 1, 0, 0, 1
"e:\Project\1-vue-naive-admin\src\assets\icons\feather\edit.svg", "XML", 0, 0, 0, 0, 0, 0, 0, 0, 0, 1, 0, 0, 1
"e:\Project\1-vue-naive-admin\src\assets\icons\feather\external-link.svg", "XML", 0, 0, 0, 0, 0, 0, 0, 0, 0, 1, 0, 0, 1
"e:\Project\1-vue-naive-admin\src\assets\icons\feather\eye-off.svg", "XML", 0, 0, 0, 0, 0, 0, 0, 0, 0, 1, 0, 0, 1
"e:\Project\1-vue-naive-admin\src\assets\icons\feather\eye.svg", "XML", 0, 0, 0, 0, 0, 0, 0, 0, 0, 1, 0, 0, 1
"e:\Project\1-vue-naive-admin\src\assets\icons\feather\facebook.svg", "XML", 0, 0, 0, 0, 0, 0, 0, 0, 0, 1, 0, 0, 1
"e:\Project\1-vue-naive-admin\src\assets\icons\feather\fast-forward.svg", "XML", 0, 0, 0, 0, 0, 0, 0, 0, 0, 1, 0, 0, 1
"e:\Project\1-vue-naive-admin\src\assets\icons\feather\feather.svg", "XML", 0, 0, 0, 0, 0, 0, 0, 0, 0, 1, 0, 0, 1
"e:\Project\1-vue-naive-admin\src\assets\icons\feather\figma.svg", "XML", 0, 0, 0, 0, 0, 0, 0, 0, 0, 1, 0, 0, 1
"e:\Project\1-vue-naive-admin\src\assets\icons\feather\file-minus.svg", "XML", 0, 0, 0, 0, 0, 0, 0, 0, 0, 1, 0, 0, 1
"e:\Project\1-vue-naive-admin\src\assets\icons\feather\file-plus.svg", "XML", 0, 0, 0, 0, 0, 0, 0, 0, 0, 1, 0, 0, 1
"e:\Project\1-vue-naive-admin\src\assets\icons\feather\file-text.svg", "XML", 0, 0, 0, 0, 0, 0, 0, 0, 0, 1, 0, 0, 1
"e:\Project\1-vue-naive-admin\src\assets\icons\feather\file.svg", "XML", 0, 0, 0, 0, 0, 0, 0, 0, 0, 1, 0, 0, 1
"e:\Project\1-vue-naive-admin\src\assets\icons\feather\film.svg", "XML", 0, 0, 0, 0, 0, 0, 0, 0, 0, 1, 0, 0, 1
"e:\Project\1-vue-naive-admin\src\assets\icons\feather\filter.svg", "XML", 0, 0, 0, 0, 0, 0, 0, 0, 0, 1, 0, 0, 1
"e:\Project\1-vue-naive-admin\src\assets\icons\feather\flag.svg", "XML", 0, 0, 0, 0, 0, 0, 0, 0, 0, 1, 0, 0, 1
"e:\Project\1-vue-naive-admin\src\assets\icons\feather\folder-minus.svg", "XML", 0, 0, 0, 0, 0, 0, 0, 0, 0, 1, 0, 0, 1
"e:\Project\1-vue-naive-admin\src\assets\icons\feather\folder-plus.svg", "XML", 0, 0, 0, 0, 0, 0, 0, 0, 0, 1, 0, 0, 1
"e:\Project\1-vue-naive-admin\src\assets\icons\feather\folder.svg", "XML", 0, 0, 0, 0, 0, 0, 0, 0, 0, 1, 0, 0, 1
"e:\Project\1-vue-naive-admin\src\assets\icons\feather\framer.svg", "XML", 0, 0, 0, 0, 0, 0, 0, 0, 0, 1, 0, 0, 1
"e:\Project\1-vue-naive-admin\src\assets\icons\feather\frown.svg", "XML", 0, 0, 0, 0, 0, 0, 0, 0, 0, 1, 0, 0, 1
"e:\Project\1-vue-naive-admin\src\assets\icons\feather\gift.svg", "XML", 0, 0, 0, 0, 0, 0, 0, 0, 0, 1, 0, 0, 1
"e:\Project\1-vue-naive-admin\src\assets\icons\feather\git-branch.svg", "XML", 0, 0, 0, 0, 0, 0, 0, 0, 0, 1, 0, 0, 1
"e:\Project\1-vue-naive-admin\src\assets\icons\feather\git-commit.svg", "XML", 0, 0, 0, 0, 0, 0, 0, 0, 0, 1, 0, 0, 1
"e:\Project\1-vue-naive-admin\src\assets\icons\feather\git-merge.svg", "XML", 0, 0, 0, 0, 0, 0, 0, 0, 0, 1, 0, 0, 1
"e:\Project\1-vue-naive-admin\src\assets\icons\feather\git-pull-request.svg", "XML", 0, 0, 0, 0, 0, 0, 0, 0, 0, 1, 0, 0, 1
"e:\Project\1-vue-naive-admin\src\assets\icons\feather\github.svg", "XML", 0, 0, 0, 0, 0, 0, 0, 0, 0, 1, 0, 0, 1
"e:\Project\1-vue-naive-admin\src\assets\icons\feather\gitlab.svg", "XML", 0, 0, 0, 0, 0, 0, 0, 0, 0, 1, 0, 0, 1
"e:\Project\1-vue-naive-admin\src\assets\icons\feather\globe.svg", "XML", 0, 0, 0, 0, 0, 0, 0, 0, 0, 1, 0, 0, 1
"e:\Project\1-vue-naive-admin\src\assets\icons\feather\grid.svg", "XML", 0, 0, 0, 0, 0, 0, 0, 0, 0, 1, 0, 0, 1
"e:\Project\1-vue-naive-admin\src\assets\icons\feather\hard-drive.svg", "XML", 0, 0, 0, 0, 0, 0, 0, 0, 0, 1, 0, 0, 1
"e:\Project\1-vue-naive-admin\src\assets\icons\feather\hash.svg", "XML", 0, 0, 0, 0, 0, 0, 0, 0, 0, 1, 0, 0, 1
"e:\Project\1-vue-naive-admin\src\assets\icons\feather\headphones.svg", "XML", 0, 0, 0, 0, 0, 0, 0, 0, 0, 1, 0, 0, 1
"e:\Project\1-vue-naive-admin\src\assets\icons\feather\heart.svg", "XML", 0, 0, 0, 0, 0, 0, 0, 0, 0, 1, 0, 0, 1
"e:\Project\1-vue-naive-admin\src\assets\icons\feather\help-circle.svg", "XML", 0, 0, 0, 0, 0, 0, 0, 0, 0, 1, 0, 0, 1
"e:\Project\1-vue-naive-admin\src\assets\icons\feather\hexagon.svg", "XML", 0, 0, 0, 0, 0, 0, 0, 0, 0, 1, 0, 0, 1
"e:\Project\1-vue-naive-admin\src\assets\icons\feather\home.svg", "XML", 0, 0, 0, 0, 0, 0, 0, 0, 0, 1, 0, 0, 1
"e:\Project\1-vue-naive-admin\src\assets\icons\feather\image.svg", "XML", 0, 0, 0, 0, 0, 0, 0, 0, 0, 1, 0, 0, 1
"e:\Project\1-vue-naive-admin\src\assets\icons\feather\inbox.svg", "XML", 0, 0, 0, 0, 0, 0, 0, 0, 0, 1, 0, 0, 1
"e:\Project\1-vue-naive-admin\src\assets\icons\feather\info.svg", "XML", 0, 0, 0, 0, 0, 0, 0, 0, 0, 1, 0, 0, 1
"e:\Project\1-vue-naive-admin\src\assets\icons\feather\instagram.svg", "XML", 0, 0, 0, 0, 0, 0, 0, 0, 0, 1, 0, 0, 1
"e:\Project\1-vue-naive-admin\src\assets\icons\feather\italic.svg", "XML", 0, 0, 0, 0, 0, 0, 0, 0, 0, 1, 0, 0, 1
"e:\Project\1-vue-naive-admin\src\assets\icons\feather\key.svg", "XML", 0, 0, 0, 0, 0, 0, 0, 0, 0, 1, 0, 0, 1
"e:\Project\1-vue-naive-admin\src\assets\icons\feather\layers.svg", "XML", 0, 0, 0, 0, 0, 0, 0, 0, 0, 1, 0, 0, 1
"e:\Project\1-vue-naive-admin\src\assets\icons\feather\layout.svg", "XML", 0, 0, 0, 0, 0, 0, 0, 0, 0, 1, 0, 0, 1
"e:\Project\1-vue-naive-admin\src\assets\icons\feather\life-buoy.svg", "XML", 0, 0, 0, 0, 0, 0, 0, 0, 0, 1, 0, 0, 1
"e:\Project\1-vue-naive-admin\src\assets\icons\feather\link-2.svg", "XML", 0, 0, 0, 0, 0, 0, 0, 0, 0, 1, 0, 0, 1
"e:\Project\1-vue-naive-admin\src\assets\icons\feather\link.svg", "XML", 0, 0, 0, 0, 0, 0, 0, 0, 0, 1, 0, 0, 1
"e:\Project\1-vue-naive-admin\src\assets\icons\feather\linkedin.svg", "XML", 0, 0, 0, 0, 0, 0, 0, 0, 0, 1, 0, 0, 1
"e:\Project\1-vue-naive-admin\src\assets\icons\feather\list.svg", "XML", 0, 0, 0, 0, 0, 0, 0, 0, 0, 1, 0, 0, 1
"e:\Project\1-vue-naive-admin\src\assets\icons\feather\loader.svg", "XML", 0, 0, 0, 0, 0, 0, 0, 0, 0, 1, 0, 0, 1
"e:\Project\1-vue-naive-admin\src\assets\icons\feather\lock.svg", "XML", 0, 0, 0, 0, 0, 0, 0, 0, 0, 1, 0, 0, 1
"e:\Project\1-vue-naive-admin\src\assets\icons\feather\log-in.svg", "XML", 0, 0, 0, 0, 0, 0, 0, 0, 0, 1, 0, 0, 1
"e:\Project\1-vue-naive-admin\src\assets\icons\feather\log-out.svg", "XML", 0, 0, 0, 0, 0, 0, 0, 0, 0, 1, 0, 0, 1
"e:\Project\1-vue-naive-admin\src\assets\icons\feather\mail.svg", "XML", 0, 0, 0, 0, 0, 0, 0, 0, 0, 1, 0, 0, 1
"e:\Project\1-vue-naive-admin\src\assets\icons\feather\map-pin.svg", "XML", 0, 0, 0, 0, 0, 0, 0, 0, 0, 1, 0, 0, 1
"e:\Project\1-vue-naive-admin\src\assets\icons\feather\map.svg", "XML", 0, 0, 0, 0, 0, 0, 0, 0, 0, 1, 0, 0, 1
"e:\Project\1-vue-naive-admin\src\assets\icons\feather\maximize-2.svg", "XML", 0, 0, 0, 0, 0, 0, 0, 0, 0, 1, 0, 0, 1
"e:\Project\1-vue-naive-admin\src\assets\icons\feather\maximize.svg", "XML", 0, 0, 0, 0, 0, 0, 0, 0, 0, 1, 0, 0, 1
"e:\Project\1-vue-naive-admin\src\assets\icons\feather\meh.svg", "XML", 0, 0, 0, 0, 0, 0, 0, 0, 0, 1, 0, 0, 1
"e:\Project\1-vue-naive-admin\src\assets\icons\feather\menu.svg", "XML", 0, 0, 0, 0, 0, 0, 0, 0, 0, 1, 0, 0, 1
"e:\Project\1-vue-naive-admin\src\assets\icons\feather\message-circle.svg", "XML", 0, 0, 0, 0, 0, 0, 0, 0, 0, 1, 0, 0, 1
"e:\Project\1-vue-naive-admin\src\assets\icons\feather\message-square.svg", "XML", 0, 0, 0, 0, 0, 0, 0, 0, 0, 1, 0, 0, 1
"e:\Project\1-vue-naive-admin\src\assets\icons\feather\mic-off.svg", "XML", 0, 0, 0, 0, 0, 0, 0, 0, 0, 1, 0, 0, 1
"e:\Project\1-vue-naive-admin\src\assets\icons\feather\mic.svg", "XML", 0, 0, 0, 0, 0, 0, 0, 0, 0, 1, 0, 0, 1
"e:\Project\1-vue-naive-admin\src\assets\icons\feather\minimize-2.svg", "XML", 0, 0, 0, 0, 0, 0, 0, 0, 0, 1, 0, 0, 1
"e:\Project\1-vue-naive-admin\src\assets\icons\feather\minimize.svg", "XML", 0, 0, 0, 0, 0, 0, 0, 0, 0, 1, 0, 0, 1
"e:\Project\1-vue-naive-admin\src\assets\icons\feather\minus-circle.svg", "XML", 0, 0, 0, 0, 0, 0, 0, 0, 0, 1, 0, 0, 1
"e:\Project\1-vue-naive-admin\src\assets\icons\feather\minus-square.svg", "XML", 0, 0, 0, 0, 0, 0, 0, 0, 0, 1, 0, 0, 1
"e:\Project\1-vue-naive-admin\src\assets\icons\feather\minus.svg", "XML", 0, 0, 0, 0, 0, 0, 0, 0, 0, 1, 0, 0, 1
"e:\Project\1-vue-naive-admin\src\assets\icons\feather\monitor.svg", "XML", 0, 0, 0, 0, 0, 0, 0, 0, 0, 1, 0, 0, 1
"e:\Project\1-vue-naive-admin\src\assets\icons\feather\moon.svg", "XML", 0, 0, 0, 0, 0, 0, 0, 0, 0, 1, 0, 0, 1
"e:\Project\1-vue-naive-admin\src\assets\icons\feather\more-horizontal.svg", "XML", 0, 0, 0, 0, 0, 0, 0, 0, 0, 1, 0, 0, 1
"e:\Project\1-vue-naive-admin\src\assets\icons\feather\more-vertical.svg", "XML", 0, 0, 0, 0, 0, 0, 0, 0, 0, 1, 0, 0, 1
"e:\Project\1-vue-naive-admin\src\assets\icons\feather\mouse-pointer.svg", "XML", 0, 0, 0, 0, 0, 0, 0, 0, 0, 1, 0, 0, 1
"e:\Project\1-vue-naive-admin\src\assets\icons\feather\move.svg", "XML", 0, 0, 0, 0, 0, 0, 0, 0, 0, 1, 0, 0, 1
"e:\Project\1-vue-naive-admin\src\assets\icons\feather\music.svg", "XML", 0, 0, 0, 0, 0, 0, 0, 0, 0, 1, 0, 0, 1
"e:\Project\1-vue-naive-admin\src\assets\icons\feather\navigation-2.svg", "XML", 0, 0, 0, 0, 0, 0, 0, 0, 0, 1, 0, 0, 1
"e:\Project\1-vue-naive-admin\src\assets\icons\feather\navigation.svg", "XML", 0, 0, 0, 0, 0, 0, 0, 0, 0, 1, 0, 0, 1
"e:\Project\1-vue-naive-admin\src\assets\icons\feather\octagon.svg", "XML", 0, 0, 0, 0, 0, 0, 0, 0, 0, 1, 0, 0, 1
"e:\Project\1-vue-naive-admin\src\assets\icons\feather\package.svg", "XML", 0, 0, 0, 0, 0, 0, 0, 0, 0, 1, 0, 0, 1
"e:\Project\1-vue-naive-admin\src\assets\icons\feather\paperclip.svg", "XML", 0, 0, 0, 0, 0, 0, 0, 0, 0, 1, 0, 0, 1
"e:\Project\1-vue-naive-admin\src\assets\icons\feather\pause-circle.svg", "XML", 0, 0, 0, 0, 0, 0, 0, 0, 0, 1, 0, 0, 1
"e:\Project\1-vue-naive-admin\src\assets\icons\feather\pause.svg", "XML", 0, 0, 0, 0, 0, 0, 0, 0, 0, 1, 0, 0, 1
"e:\Project\1-vue-naive-admin\src\assets\icons\feather\pen-tool.svg", "XML", 0, 0, 0, 0, 0, 0, 0, 0, 0, 1, 0, 0, 1
"e:\Project\1-vue-naive-admin\src\assets\icons\feather\percent.svg", "XML", 0, 0, 0, 0, 0, 0, 0, 0, 0, 1, 0, 0, 1
"e:\Project\1-vue-naive-admin\src\assets\icons\feather\phone-call.svg", "XML", 0, 0, 0, 0, 0, 0, 0, 0, 0, 1, 0, 0, 1
"e:\Project\1-vue-naive-admin\src\assets\icons\feather\phone-forwarded.svg", "XML", 0, 0, 0, 0, 0, 0, 0, 0, 0, 1, 0, 0, 1
"e:\Project\1-vue-naive-admin\src\assets\icons\feather\phone-incoming.svg", "XML", 0, 0, 0, 0, 0, 0, 0, 0, 0, 1, 0, 0, 1
"e:\Project\1-vue-naive-admin\src\assets\icons\feather\phone-missed.svg", "XML", 0, 0, 0, 0, 0, 0, 0, 0, 0, 1, 0, 0, 1
"e:\Project\1-vue-naive-admin\src\assets\icons\feather\phone-off.svg", "XML", 0, 0, 0, 0, 0, 0, 0, 0, 0, 1, 0, 0, 1
"e:\Project\1-vue-naive-admin\src\assets\icons\feather\phone-outgoing.svg", "XML", 0, 0, 0, 0, 0, 0, 0, 0, 0, 1, 0, 0, 1
"e:\Project\1-vue-naive-admin\src\assets\icons\feather\phone.svg", "XML", 0, 0, 0, 0, 0, 0, 0, 0, 0, 1, 0, 0, 1
"e:\Project\1-vue-naive-admin\src\assets\icons\feather\pie-chart.svg", "XML", 0, 0, 0, 0, 0, 0, 0, 0, 0, 1, 0, 0, 1
"e:\Project\1-vue-naive-admin\src\assets\icons\feather\play-circle.svg", "XML", 0, 0, 0, 0, 0, 0, 0, 0, 0, 1, 0, 0, 1
"e:\Project\1-vue-naive-admin\src\assets\icons\feather\play.svg", "XML", 0, 0, 0, 0, 0, 0, 0, 0, 0, 1, 0, 0, 1
"e:\Project\1-vue-naive-admin\src\assets\icons\feather\plus-circle.svg", "XML", 0, 0, 0, 0, 0, 0, 0, 0, 0, 1, 0, 0, 1
"e:\Project\1-vue-naive-admin\src\assets\icons\feather\plus-square.svg", "XML", 0, 0, 0, 0, 0, 0, 0, 0, 0, 1, 0, 0, 1
"e:\Project\1-vue-naive-admin\src\assets\icons\feather\plus.svg", "XML", 0, 0, 0, 0, 0, 0, 0, 0, 0, 1, 0, 0, 1
"e:\Project\1-vue-naive-admin\src\assets\icons\feather\pocket.svg", "XML", 0, 0, 0, 0, 0, 0, 0, 0, 0, 1, 0, 0, 1
"e:\Project\1-vue-naive-admin\src\assets\icons\feather\power.svg", "XML", 0, 0, 0, 0, 0, 0, 0, 0, 0, 1, 0, 0, 1
"e:\Project\1-vue-naive-admin\src\assets\icons\feather\printer.svg", "XML", 0, 0, 0, 0, 0, 0, 0, 0, 0, 1, 0, 0, 1
"e:\Project\1-vue-naive-admin\src\assets\icons\feather\radio.svg", "XML", 0, 0, 0, 0, 0, 0, 0, 0, 0, 1, 0, 0, 1
"e:\Project\1-vue-naive-admin\src\assets\icons\feather\refresh-ccw.svg", "XML", 0, 0, 0, 0, 0, 0, 0, 0, 0, 1, 0, 0, 1
"e:\Project\1-vue-naive-admin\src\assets\icons\feather\refresh-cw.svg", "XML", 0, 0, 0, 0, 0, 0, 0, 0, 0, 1, 0, 0, 1
"e:\Project\1-vue-naive-admin\src\assets\icons\feather\repeat.svg", "XML", 0, 0, 0, 0, 0, 0, 0, 0, 0, 1, 0, 0, 1
"e:\Project\1-vue-naive-admin\src\assets\icons\feather\rewind.svg", "XML", 0, 0, 0, 0, 0, 0, 0, 0, 0, 1, 0, 0, 1
"e:\Project\1-vue-naive-admin\src\assets\icons\feather\rotate-ccw.svg", "XML", 0, 0, 0, 0, 0, 0, 0, 0, 0, 1, 0, 0, 1
"e:\Project\1-vue-naive-admin\src\assets\icons\feather\rotate-cw.svg", "XML", 0, 0, 0, 0, 0, 0, 0, 0, 0, 1, 0, 0, 1
"e:\Project\1-vue-naive-admin\src\assets\icons\feather\rss.svg", "XML", 0, 0, 0, 0, 0, 0, 0, 0, 0, 1, 0, 0, 1
"e:\Project\1-vue-naive-admin\src\assets\icons\feather\save.svg", "XML", 0, 0, 0, 0, 0, 0, 0, 0, 0, 1, 0, 0, 1
"e:\Project\1-vue-naive-admin\src\assets\icons\feather\scissors.svg", "XML", 0, 0, 0, 0, 0, 0, 0, 0, 0, 1, 0, 0, 1
"e:\Project\1-vue-naive-admin\src\assets\icons\feather\search.svg", "XML", 0, 0, 0, 0, 0, 0, 0, 0, 0, 1, 0, 0, 1
"e:\Project\1-vue-naive-admin\src\assets\icons\feather\send.svg", "XML", 0, 0, 0, 0, 0, 0, 0, 0, 0, 1, 0, 0, 1
"e:\Project\1-vue-naive-admin\src\assets\icons\feather\server.svg", "XML", 0, 0, 0, 0, 0, 0, 0, 0, 0, 1, 0, 0, 1
"e:\Project\1-vue-naive-admin\src\assets\icons\feather\settings.svg", "XML", 0, 0, 0, 0, 0, 0, 0, 0, 0, 1, 0, 0, 1
"e:\Project\1-vue-naive-admin\src\assets\icons\feather\share-2.svg", "XML", 0, 0, 0, 0, 0, 0, 0, 0, 0, 1, 0, 0, 1
"e:\Project\1-vue-naive-admin\src\assets\icons\feather\share.svg", "XML", 0, 0, 0, 0, 0, 0, 0, 0, 0, 1, 0, 0, 1
"e:\Project\1-vue-naive-admin\src\assets\icons\feather\shield-off.svg", "XML", 0, 0, 0, 0, 0, 0, 0, 0, 0, 1, 0, 0, 1
"e:\Project\1-vue-naive-admin\src\assets\icons\feather\shield.svg", "XML", 0, 0, 0, 0, 0, 0, 0, 0, 0, 1, 0, 0, 1
"e:\Project\1-vue-naive-admin\src\assets\icons\feather\shopping-bag.svg", "XML", 0, 0, 0, 0, 0, 0, 0, 0, 0, 1, 0, 0, 1
"e:\Project\1-vue-naive-admin\src\assets\icons\feather\shopping-cart.svg", "XML", 0, 0, 0, 0, 0, 0, 0, 0, 0, 1, 0, 0, 1
"e:\Project\1-vue-naive-admin\src\assets\icons\feather\shuffle.svg", "XML", 0, 0, 0, 0, 0, 0, 0, 0, 0, 1, 0, 0, 1
"e:\Project\1-vue-naive-admin\src\assets\icons\feather\sidebar.svg", "XML", 0, 0, 0, 0, 0, 0, 0, 0, 0, 1, 0, 0, 1
"e:\Project\1-vue-naive-admin\src\assets\icons\feather\skip-back.svg", "XML", 0, 0, 0, 0, 0, 0, 0, 0, 0, 1, 0, 0, 1
"e:\Project\1-vue-naive-admin\src\assets\icons\feather\skip-forward.svg", "XML", 0, 0, 0, 0, 0, 0, 0, 0, 0, 1, 0, 0, 1
"e:\Project\1-vue-naive-admin\src\assets\icons\feather\slack.svg", "XML", 0, 0, 0, 0, 0, 0, 0, 0, 0, 1, 0, 0, 1
"e:\Project\1-vue-naive-admin\src\assets\icons\feather\slash.svg", "XML", 0, 0, 0, 0, 0, 0, 0, 0, 0, 1, 0, 0, 1
"e:\Project\1-vue-naive-admin\src\assets\icons\feather\sliders.svg", "XML", 0, 0, 0, 0, 0, 0, 0, 0, 0, 1, 0, 0, 1
"e:\Project\1-vue-naive-admin\src\assets\icons\feather\smartphone.svg", "XML", 0, 0, 0, 0, 0, 0, 0, 0, 0, 1, 0, 0, 1
"e:\Project\1-vue-naive-admin\src\assets\icons\feather\smile.svg", "XML", 0, 0, 0, 0, 0, 0, 0, 0, 0, 1, 0, 0, 1
"e:\Project\1-vue-naive-admin\src\assets\icons\feather\speaker.svg", "XML", 0, 0, 0, 0, 0, 0, 0, 0, 0, 1, 0, 0, 1
"e:\Project\1-vue-naive-admin\src\assets\icons\feather\square.svg", "XML", 0, 0, 0, 0, 0, 0, 0, 0, 0, 1, 0, 0, 1
"e:\Project\1-vue-naive-admin\src\assets\icons\feather\star.svg", "XML", 0, 0, 0, 0, 0, 0, 0, 0, 0, 1, 0, 0, 1
"e:\Project\1-vue-naive-admin\src\assets\icons\feather\stop-circle.svg", "XML", 0, 0, 0, 0, 0, 0, 0, 0, 0, 1, 0, 0, 1
"e:\Project\1-vue-naive-admin\src\assets\icons\feather\sun.svg", "XML", 0, 0, 0, 0, 0, 0, 0, 0, 0, 1, 0, 0, 1
"e:\Project\1-vue-naive-admin\src\assets\icons\feather\sunrise.svg", "XML", 0, 0, 0, 0, 0, 0, 0, 0, 0, 1, 0, 0, 1
"e:\Project\1-vue-naive-admin\src\assets\icons\feather\sunset.svg", "XML", 0, 0, 0, 0, 0, 0, 0, 0, 0, 1, 0, 0, 1
"e:\Project\1-vue-naive-admin\src\assets\icons\feather\table.svg", "XML", 0, 0, 0, 0, 0, 0, 0, 0, 0, 1, 0, 0, 1
"e:\Project\1-vue-naive-admin\src\assets\icons\feather\tablet.svg", "XML", 0, 0, 0, 0, 0, 0, 0, 0, 0, 1, 0, 0, 1
"e:\Project\1-vue-naive-admin\src\assets\icons\feather\tag.svg", "XML", 0, 0, 0, 0, 0, 0, 0, 0, 0, 1, 0, 0, 1
"e:\Project\1-vue-naive-admin\src\assets\icons\feather\target.svg", "XML", 0, 0, 0, 0, 0, 0, 0, 0, 0, 1, 0, 0, 1
"e:\Project\1-vue-naive-admin\src\assets\icons\feather\terminal.svg", "XML", 0, 0, 0, 0, 0, 0, 0, 0, 0, 1, 0, 0, 1
"e:\Project\1-vue-naive-admin\src\assets\icons\feather\thermometer.svg", "XML", 0, 0, 0, 0, 0, 0, 0, 0, 0, 1, 0, 0, 1
"e:\Project\1-vue-naive-admin\src\assets\icons\feather\thumbs-down.svg", "XML", 0, 0, 0, 0, 0, 0, 0, 0, 0, 1, 0, 0, 1
"e:\Project\1-vue-naive-admin\src\assets\icons\feather\thumbs-up.svg", "XML", 0, 0, 0, 0, 0, 0, 0, 0, 0, 1, 0, 0, 1
"e:\Project\1-vue-naive-admin\src\assets\icons\feather\toggle-left.svg", "XML", 0, 0, 0, 0, 0, 0, 0, 0, 0, 1, 0, 0, 1
"e:\Project\1-vue-naive-admin\src\assets\icons\feather\toggle-right.svg", "XML", 0, 0, 0, 0, 0, 0, 0, 0, 0, 1, 0, 0, 1
"e:\Project\1-vue-naive-admin\src\assets\icons\feather\tool.svg", "XML", 0, 0, 0, 0, 0, 0, 0, 0, 0, 1, 0, 0, 1
"e:\Project\1-vue-naive-admin\src\assets\icons\feather\trash-2.svg", "XML", 0, 0, 0, 0, 0, 0, 0, 0, 0, 1, 0, 0, 1
"e:\Project\1-vue-naive-admin\src\assets\icons\feather\trash.svg", "XML", 0, 0, 0, 0, 0, 0, 0, 0, 0, 1, 0, 0, 1
"e:\Project\1-vue-naive-admin\src\assets\icons\feather\trello.svg", "XML", 0, 0, 0, 0, 0, 0, 0, 0, 0, 1, 0, 0, 1
"e:\Project\1-vue-naive-admin\src\assets\icons\feather\trending-down.svg", "XML", 0, 0, 0, 0, 0, 0, 0, 0, 0, 1, 0, 0, 1
"e:\Project\1-vue-naive-admin\src\assets\icons\feather\trending-up.svg", "XML", 0, 0, 0, 0, 0, 0, 0, 0, 0, 1, 0, 0, 1
"e:\Project\1-vue-naive-admin\src\assets\icons\feather\triangle.svg", "XML", 0, 0, 0, 0, 0, 0, 0, 0, 0, 1, 0, 0, 1
"e:\Project\1-vue-naive-admin\src\assets\icons\feather\truck.svg", "XML", 0, 0, 0, 0, 0, 0, 0, 0, 0, 1, 0, 0, 1
"e:\Project\1-vue-naive-admin\src\assets\icons\feather\tv.svg", "XML", 0, 0, 0, 0, 0, 0, 0, 0, 0, 1, 0, 0, 1
"e:\Project\1-vue-naive-admin\src\assets\icons\feather\twitch.svg", "XML", 0, 0, 0, 0, 0, 0, 0, 0, 0, 1, 0, 0, 1
"e:\Project\1-vue-naive-admin\src\assets\icons\feather\twitter.svg", "XML", 0, 0, 0, 0, 0, 0, 0, 0, 0, 1, 0, 0, 1
"e:\Project\1-vue-naive-admin\src\assets\icons\feather\type.svg", "XML", 0, 0, 0, 0, 0, 0, 0, 0, 0, 1, 0, 0, 1
"e:\Project\1-vue-naive-admin\src\assets\icons\feather\umbrella.svg", "XML", 0, 0, 0, 0, 0, 0, 0, 0, 0, 1, 0, 0, 1
"e:\Project\1-vue-naive-admin\src\assets\icons\feather\underline.svg", "XML", 0, 0, 0, 0, 0, 0, 0, 0, 0, 1, 0, 0, 1
"e:\Project\1-vue-naive-admin\src\assets\icons\feather\unlock.svg", "XML", 0, 0, 0, 0, 0, 0, 0, 0, 0, 1, 0, 0, 1
"e:\Project\1-vue-naive-admin\src\assets\icons\feather\upload-cloud.svg", "XML", 0, 0, 0, 0, 0, 0, 0, 0, 0, 1, 0, 0, 1
"e:\Project\1-vue-naive-admin\src\assets\icons\feather\upload.svg", "XML", 0, 0, 0, 0, 0, 0, 0, 0, 0, 1, 0, 0, 1
"e:\Project\1-vue-naive-admin\src\assets\icons\feather\user-check.svg", "XML", 0, 0, 0, 0, 0, 0, 0, 0, 0, 1, 0, 0, 1
"e:\Project\1-vue-naive-admin\src\assets\icons\feather\user-minus.svg", "XML", 0, 0, 0, 0, 0, 0, 0, 0, 0, 1, 0, 0, 1
"e:\Project\1-vue-naive-admin\src\assets\icons\feather\user-plus.svg", "XML", 0, 0, 0, 0, 0, 0, 0, 0, 0, 1, 0, 0, 1
"e:\Project\1-vue-naive-admin\src\assets\icons\feather\user-x.svg", "XML", 0, 0, 0, 0, 0, 0, 0, 0, 0, 1, 0, 0, 1
"e:\Project\1-vue-naive-admin\src\assets\icons\feather\user.svg", "XML", 0, 0, 0, 0, 0, 0, 0, 0, 0, 1, 0, 0, 1
"e:\Project\1-vue-naive-admin\src\assets\icons\feather\users.svg", "XML", 0, 0, 0, 0, 0, 0, 0, 0, 0, 1, 0, 0, 1
"e:\Project\1-vue-naive-admin\src\assets\icons\feather\video-off.svg", "XML", 0, 0, 0, 0, 0, 0, 0, 0, 0, 1, 0, 0, 1
"e:\Project\1-vue-naive-admin\src\assets\icons\feather\video.svg", "XML", 0, 0, 0, 0, 0, 0, 0, 0, 0, 1, 0, 0, 1
"e:\Project\1-vue-naive-admin\src\assets\icons\feather\voicemail.svg", "XML", 0, 0, 0, 0, 0, 0, 0, 0, 0, 1, 0, 0, 1
"e:\Project\1-vue-naive-admin\src\assets\icons\feather\volume-1.svg", "XML", 0, 0, 0, 0, 0, 0, 0, 0, 0, 1, 0, 0, 1
"e:\Project\1-vue-naive-admin\src\assets\icons\feather\volume-2.svg", "XML", 0, 0, 0, 0, 0, 0, 0, 0, 0, 1, 0, 0, 1
"e:\Project\1-vue-naive-admin\src\assets\icons\feather\volume-x.svg", "XML", 0, 0, 0, 0, 0, 0, 0, 0, 0, 1, 0, 0, 1
"e:\Project\1-vue-naive-admin\src\assets\icons\feather\volume.svg", "XML", 0, 0, 0, 0, 0, 0, 0, 0, 0, 1, 0, 0, 1
"e:\Project\1-vue-naive-admin\src\assets\icons\feather\watch.svg", "XML", 0, 0, 0, 0, 0, 0, 0, 0, 0, 1, 0, 0, 1
"e:\Project\1-vue-naive-admin\src\assets\icons\feather\wifi-off.svg", "XML", 0, 0, 0, 0, 0, 0, 0, 0, 0, 1, 0, 0, 1
"e:\Project\1-vue-naive-admin\src\assets\icons\feather\wifi.svg", "XML", 0, 0, 0, 0, 0, 0, 0, 0, 0, 1, 0, 0, 1
"e:\Project\1-vue-naive-admin\src\assets\icons\feather\wind.svg", "XML", 0, 0, 0, 0, 0, 0, 0, 0, 0, 1, 0, 0, 1
"e:\Project\1-vue-naive-admin\src\assets\icons\feather\x-circle.svg", "XML", 0, 0, 0, 0, 0, 0, 0, 0, 0, 1, 0, 0, 1
"e:\Project\1-vue-naive-admin\src\assets\icons\feather\x-octagon.svg", "XML", 0, 0, 0, 0, 0, 0, 0, 0, 0, 1, 0, 0, 1
"e:\Project\1-vue-naive-admin\src\assets\icons\feather\x-square.svg", "XML", 0, 0, 0, 0, 0, 0, 0, 0, 0, 1, 0, 0, 1
"e:\Project\1-vue-naive-admin\src\assets\icons\feather\x.svg", "XML", 0, 0, 0, 0, 0, 0, 0, 0, 0, 1, 0, 0, 1
"e:\Project\1-vue-naive-admin\src\assets\icons\feather\youtube.svg", "XML", 0, 0, 0, 0, 0, 0, 0, 0, 0, 1, 0, 0, 1
"e:\Project\1-vue-naive-admin\src\assets\icons\feather\zap-off.svg", "XML", 0, 0, 0, 0, 0, 0, 0, 0, 0, 1, 0, 0, 1
"e:\Project\1-vue-naive-admin\src\assets\icons\feather\zap.svg", "XML", 0, 0, 0, 0, 0, 0, 0, 0, 0, 1, 0, 0, 1
"e:\Project\1-vue-naive-admin\src\assets\icons\feather\zoom-in.svg", "XML", 0, 0, 0, 0, 0, 0, 0, 0, 0, 1, 0, 0, 1
"e:\Project\1-vue-naive-admin\src\assets\icons\feather\zoom-out.svg", "XML", 0, 0, 0, 0, 0, 0, 0, 0, 0, 1, 0, 0, 1
"e:\Project\1-vue-naive-admin\src\assets\icons\isme\apifox.svg", "XML", 0, 0, 0, 0, 0, 0, 0, 0, 0, 16, 0, 1, 17
"e:\Project\1-vue-naive-admin\src\assets\icons\isme\awesome.svg", "XML", 0, 0, 0, 0, 0, 0, 0, 0, 0, 1, 0, 1, 2
"e:\Project\1-vue-naive-admin\src\assets\icons\isme\dialog.svg", "XML", 0, 0, 0, 0, 0, 0, 0, 0, 0, 1, 0, 1, 2
"e:\Project\1-vue-naive-admin\src\assets\icons\isme\docs.svg", "XML", 0, 0, 0, 0, 0, 0, 0, 0, 0, 15, 0, 1, 16
"e:\Project\1-vue-naive-admin\src\assets\icons\isme\gitee.svg", "XML", 0, 0, 0, 0, 0, 0, 0, 0, 0, 1, 0, 1, 2
"e:\Project\1-vue-naive-admin\src\assets\icons\isme\naiveui.svg", "XML", 0, 0, 0, 0, 0, 0, 0, 0, 0, 37, 0, 1, 38
"e:\Project\1-vue-naive-admin\src\components\common\AppCard.vue", "vue", 0, 0, 0, 0, 0, 0, 10, 0, 0, 0, 7, 3, 20
"e:\Project\1-vue-naive-admin\src\components\common\AppPage.vue", "vue", 0, 0, 0, 0, 0, 0, 23, 0, 0, 0, 7, 3, 33
"e:\Project\1-vue-naive-admin\src\components\common\CommonPage.vue", "vue", 0, 0, 0, 0, 0, 0, 62, 0, 0, 0, 7, 5, 74
"e:\Project\1-vue-naive-admin\src\components\common\LayoutSetting.vue", "vue", 0, 0, 0, 0, 0, 0, 90, 0, 0, 0, 7, 6, 103
"e:\Project\1-vue-naive-admin\src\components\common\TheFooter.vue", "vue", 0, 0, 0, 0, 0, 0, 15, 0, 0, 0, 8, 2, 25
"e:\Project\1-vue-naive-admin\src\components\common\TheLogo.vue", "vue", 0, 0, 0, 0, 0, 0, 5, 0, 0, 0, 7, 1, 13
"e:\Project\1-vue-naive-admin\src\components\common\ThemeSetting.vue", "vue", 0, 0, 0, 0, 0, 0, 23, 0, 0, 0, 0, 4, 27
"e:\Project\1-vue-naive-admin\src\components\common\ToggleTheme.vue", "vue", 0, 0, 0, 0, 0, 0, 40, 0, 0, 0, 0, 7, 47
"e:\Project\1-vue-naive-admin\src\components\common\index.js", "JavaScript", 6, 0, 0, 0, 0, 0, 0, 0, 0, 0, 0, 1, 7
"e:\Project\1-vue-naive-admin\src\components\index.js", "JavaScript", 2, 0, 0, 0, 0, 0, 0, 0, 0, 0, 0, 1, 3
"e:\Project\1-vue-naive-admin\src\components\me\crud\QueryItem.vue", "vue", 0, 0, 0, 0, 0, 0, 26, 0, 0, 0, 7, 3, 36
"e:\Project\1-vue-naive-admin\src\components\me\crud\index.vue", "vue", 0, 0, 0, 0, 0, 0, 191, 0, 0, 0, 7, 12, 210
"e:\Project\1-vue-naive-admin\src\components\me\index.js", "JavaScript", 3, 0, 0, 0, 0, 0, 0, 0, 0, 0, 0, 1, 4
"e:\Project\1-vue-naive-admin\src\components\me\modal\index.vue", "vue", 0, 0, 0, 0, 0, 0, 173, 0, 0, 0, 8, 14, 195
"e:\Project\1-vue-naive-admin\src\components\me\modal\utils.js", "JavaScript", 53, 0, 0, 0, 0, 0, 0, 0, 0, 0, 12, 8, 73
"e:\Project\1-vue-naive-admin\src\composables\index.js", "JavaScript", 4, 0, 0, 0, 0, 0, 0, 0, 0, 0, 0, 1, 5
"e:\Project\1-vue-naive-admin\src\composables\useAliveData.js", "JavaScript", 20, 0, 0, 0, 0, 0, 0, 0, 0, 0, 7, 4, 31
"e:\Project\1-vue-naive-admin\src\composables\useCrud.js", "JavaScript", 105, 0, 0, 0, 0, 0, 0, 0, 0, 0, 13, 13, 131
"e:\Project\1-vue-naive-admin\src\composables\useForm.js", "JavaScript", 16, 0, 0, 0, 0, 0, 0, 0, 0, 0, 7, 3, 26
"e:\Project\1-vue-naive-admin\src\composables\useModal.js", "JavaScript", 12, 0, 0, 0, 0, 0, 0, 0, 0, 0, 7, 2, 21
"e:\Project\1-vue-naive-admin\src\directives\index.js", "JavaScript", 17, 0, 0, 0, 0, 0, 0, 0, 0, 0, 17, 5, 39
"e:\Project\1-vue-naive-admin\src\layouts\components\BeginnerGuide.vue", "vue", 0, 0, 0, 0, 0, 0, 112, 0, 0, 0, 0, 9, 121
"e:\Project\1-vue-naive-admin\src\layouts\components\BreadCrumb.vue", "vue", 0, 0, 0, 0, 0, 0, 71, 0, 0, 0, 7, 9, 87
"e:\Project\1-vue-naive-admin\src\layouts\components\Fullscreen.vue", "vue", 0, 0, 0, 0, 0, 0, 12, 0, 0, 0, 0, 3, 15
"e:\Project\1-vue-naive-admin\src\layouts\components\MenuCollapse.vue", "vue", 0, 0, 0, 0, 0, 0, 13, 0, 0, 0, 7, 4, 24
"e:\Project\1-vue-naive-admin\src\layouts\components\RoleSelect.vue", "vue", 0, 0, 0, 0, 0, 0, 74, 0, 0, 0, 7, 10, 91
"e:\Project\1-vue-naive-admin\src\layouts\components\SideLogo.vue", "vue", 0, 0, 0, 0, 0, 0, 16, 0, 0, 0, 7, 5, 28
"e:\Project\1-vue-naive-admin\src\layouts\components\SideMenu.vue", "vue", 0, 0, 0, 0, 0, 0, 62, 0, 0, 0, 7, 8, 77
"e:\Project\1-vue-naive-admin\src\layouts\components\UserAvatar.vue", "vue", 0, 0, 0, 0, 0, 0, 72, 0, 0, 0, 7, 7, 86
"e:\Project\1-vue-naive-admin\src\layouts\components\index.js", "JavaScript", 9, 0, 0, 0, 0, 0, 0, 0, 0, 0, 0, 1, 10
"e:\Project\1-vue-naive-admin\src\layouts\components\tab\ContextMenu.vue", "vue", 0, 0, 0, 0, 0, 0, 110, 0, 0, 0, 7, 10, 127
"e:\Project\1-vue-naive-admin\src\layouts\components\tab\index.vue", "vue", 0, 0, 0, 0, 0, 0, 83, 0, 0, 0, 7, 10, 100
"e:\Project\1-vue-naive-admin\src\layouts\empty\index.vue", "vue", 0, 0, 0, 0, 0, 0, 3, 0, 0, 0, 7, 2, 12
"e:\Project\1-vue-naive-admin\src\layouts\full\header\index.vue", "vue", 0, 0, 0, 0, 0, 0, 28, 0, 0, 0, 7, 11, 46
"e:\Project\1-vue-naive-admin\src\layouts\full\index.vue", "vue", 0, 0, 0, 0, 0, 0, 30, 0, 0, 0, 7, 6, 43
"e:\Project\1-vue-naive-admin\src\layouts\full\sidebar\index.vue", "vue", 0, 0, 0, 0, 0, 0, 7, 0, 0, 0, 7, 3, 17
"e:\Project\1-vue-naive-admin\src\layouts\normal\header\index.vue", "vue", 0, 0, 0, 0, 0, 0, 29, 0, 0, 0, 7, 12, 48
"e:\Project\1-vue-naive-admin\src\layouts\normal\index.vue", "vue", 0, 0, 0, 0, 0, 0, 26, 0, 0, 0, 7, 6, 39
"e:\Project\1-vue-naive-admin\src\layouts\normal\sidebar\index.vue", "vue", 0, 0, 0, 0, 0, 0, 7, 0, 0, 0, 7, 3, 17
"e:\Project\1-vue-naive-admin\src\layouts\simple\index.vue", "vue", 0, 0, 0, 0, 0, 0, 24, 0, 0, 0, 7, 6, 37
"e:\Project\1-vue-naive-admin\src\layouts\simple\sidebar\index.vue", "vue", 0, 0, 0, 0, 0, 0, 13, 0, 0, 0, 7, 4, 24
"e:\Project\1-vue-naive-admin\src\main.js", "JavaScript", 18, 0, 0, 0, 0, 0, 0, 0, 0, 0, 9, 5, 32
"e:\Project\1-vue-naive-admin\src\router\basic-routes.js", "JavaScript", 37, 0, 0, 0, 0, 0, 0, 0, 0, 0, 0, 4, 41
"e:\Project\1-vue-naive-admin\src\router\guards\index.js", "JavaScript", 10, 0, 0, 0, 0, 0, 0, 0, 0, 0, 7, 3, 20
"e:\Project\1-vue-naive-admin\src\router\guards\page-loading-guard.js", "JavaScript", 13, 0, 0, 0, 0, 0, 0, 0, 0, 0, 7, 4, 24
"e:\Project\1-vue-naive-admin\src\router\guards\page-title-guard.js", "JavaScript", 12, 0, 0, 0, 0, 0, 0, 0, 0, 0, 7, 3, 22
"e:\Project\1-vue-naive-admin\src\router\guards\permission-guard.js", "JavaScript", 39, 0, 0, 0, 0, 0, 0, 0, 0, 0, 10, 8, 57
"e:\Project\1-vue-naive-admin\src\router\guards\tab-guard.js", "JavaScript", 14, 0, 0, 0, 0, 0, 0, 0, 0, 0, 7, 4, 25
"e:\Project\1-vue-naive-admin\src\router\index.js", "JavaScript", 15, 0, 0, 0, 0, 0, 0, 0, 0, 0, 7, 4, 26
"e:\Project\1-vue-naive-admin\src\settings.js", "JavaScript", 64, 0, 0, 0, 0, 0, 0, 0, 0, 0, 8, 6, 78
"e:\Project\1-vue-naive-admin\src\store\helper.js", "JavaScript", 29, 0, 0, 0, 0, 0, 0, 0, 0, 0, 0, 3, 32
"e:\Project\1-vue-naive-admin\src\store\index.js", "JavaScript", 8, 0, 0, 0, 0, 0, 0, 0, 0, 0, 7, 4, 19
"e:\Project\1-vue-naive-admin\src\store\modules\app.js", "JavaScript", 47, 0, 0, 0, 0, 0, 0, 0, 0, 0, 7, 3, 57
"e:\Project\1-vue-naive-admin\src\store\modules\auth.js", "JavaScript", 45, 0, 0, 0, 0, 0, 0, 0, 0, 0, 12, 3, 60
"e:\Project\1-vue-naive-admin\src\store\modules\index.js", "JavaScript", 6, 0, 0, 0, 0, 0, 0, 0, 0, 0, 0, 1, 7
"e:\Project\1-vue-naive-admin\src\store\modules\permission.js", "JavaScript", 73, 0, 0, 0, 0, 0, 0, 0, 0, 0, 7, 3, 83
"e:\Project\1-vue-naive-admin\src\store\modules\router.js", "JavaScript", 15, 0, 0, 0, 0, 0, 0, 0, 0, 0, 7, 5, 27
"e:\Project\1-vue-naive-admin\src\store\modules\tab.js", "JavaScript", 84, 0, 0, 0, 0, 0, 0, 0, 0, 0, 8, 3, 95
"e:\Project\1-vue-naive-admin\src\store\modules\user.js", "JavaScript", 34, 0, 0, 0, 0, 0, 0, 0, 0, 0, 7, 3, 44
"e:\Project\1-vue-naive-admin\src\styles\global.css", "PostCSS", 0, 0, 0, 0, 0, 0, 0, 0, 72, 0, 10, 10, 92
"e:\Project\1-vue-naive-admin\src\styles\reset.css", "PostCSS", 0, 0, 0, 0, 0, 0, 0, 0, 203, 0, 118, 69, 390
"e:\Project\1-vue-naive-admin\src\utils\common.js", "JavaScript", 53, 0, 0, 0, 0, 0, 0, 0, 0, 0, 45, 9, 107
"e:\Project\1-vue-naive-admin\src\utils\http\helpers.js", "JavaScript", 44, 0, 0, 0, 0, 0, 0, 0, 0, 0, 8, 5, 57
"e:\Project\1-vue-naive-admin\src\utils\http\index.js", "JavaScript", 18, 0, 0, 0, 0, 0, 0, 0, 0, 0, 8, 5, 31
"e:\Project\1-vue-naive-admin\src\utils\http\interceptors.js", "JavaScript", 45, 0, 0, 0, 0, 0, 0, 0, 0, 0, 12, 14, 71
"e:\Project\1-vue-naive-admin\src\utils\index.js", "JavaScript", 5, 0, 0, 0, 0, 0, 0, 0, 0, 0, 8, 2, 15
"e:\Project\1-vue-naive-admin\src\utils\is.js", "JavaScript", 79, 0, 0, 0, 0, 0, 0, 0, 0, 0, 20, 29, 128
"e:\Project\1-vue-naive-admin\src\utils\naiveTools.js", "JavaScript", 95, 0, 0, 0, 0, 0, 0, 0, 0, 0, 9, 18, 122
"e:\Project\1-vue-naive-admin\src\utils\storage\index.js", "JavaScript", 16, 0, 0, 0, 0, 0, 0, 0, 0, 0, 8, 7, 31
"e:\Project\1-vue-naive-admin\src\utils\storage\storage.js", "JavaScript", 50, 0, 0, 0, 0, 0, 0, 0, 0, 0, 8, 10, 68
"e:\Project\1-vue-naive-admin\src\views\base\index.vue", "vue", 0, 0, 0, 0, 0, 0, 121, 0, 0, 0, 7, 11, 139
"e:\Project\1-vue-naive-admin\src\views\base\keep-alive.vue", "vue", 0, 0, 0, 0, 0, 0, 16, 0, 0, 0, 7, 4, 27
"e:\Project\1-vue-naive-admin\src\views\base\test-modal.vue", "vue", 0, 0, 0, 0, 0, 0, 61, 0, 0, 0, 7, 6, 74
"e:\Project\1-vue-naive-admin\src\views\base\unocss-icon.vue", "vue", 0, 0, 0, 0, 0, 0, 43, 0, 0, 0, 7, 5, 55
"e:\Project\1-vue-naive-admin\src\views\base\unocss.vue", "vue", 0, 0, 0, 0, 0, 0, 67, 0, 0, 0, 7, 3, 77
"e:\Project\1-vue-naive-admin\src\views\demo\upload\index.vue", "vue", 0, 0, 0, 0, 0, 0, 76, 0, 0, 0, 7, 11, 94
"e:\Project\1-vue-naive-admin\src\views\error-page\403.vue", "vue", 0, 0, 0, 0, 0, 0, 33, 0, 0, 0, 7, 5, 45
"e:\Project\1-vue-naive-admin\src\views\error-page\404.vue", "vue", 0, 0, 0, 0, 0, 0, 22, 0, 0, 0, 7, 3, 32
"e:\Project\1-vue-naive-admin\src\views\home\index.vue", "vue", 0, 0, 0, 0, 0, 0, 266, 0, 0, 0, 7, 14, 287
"e:\Project\1-vue-naive-admin\src\views\iframe\index.vue", "vue", 0, 0, 0, 0, 0, 0, 8, 0, 0, 0, 0, 2, 10
"e:\Project\1-vue-naive-admin\src\views\login\api.js", "JavaScript", 6, 0, 0, 0, 0, 0, 0, 0, 0, 0, 7, 3, 16
"e:\Project\1-vue-naive-admin\src\views\login\index.vue", "vue", 0, 0, 0, 0, 0, 0, 166, 0, 0, 0, 7, 16, 189
"e:\Project\1-vue-naive-admin\src\views\pms\resource\api.js", "JavaScript", 10, 0, 0, 0, 0, 0, 0, 0, 0, 0, 7, 3, 20
"e:\Project\1-vue-naive-admin\src\views\pms\resource\components\MenuTree.vue", "vue", 0, 0, 0, 0, 0, 0, 104, 0, 0, 0, 7, 14, 125
"e:\Project\1-vue-naive-admin\src\views\pms\resource\components\QuestionLabel.vue", "vue", 0, 0, 0, 0, 0, 0, 23, 0, 0, 0, 7, 3, 33
"e:\Project\1-vue-naive-admin\src\views\pms\resource\components\ResAddOrEdit.vue", "vue", 0, 0, 0, 0, 0, 0, 225, 0, 0, 0, 7, 10, 242
"e:\Project\1-vue-naive-admin\src\views\pms\resource\index.vue", "vue", 0, 0, 0, 0, 0, 0, 234, 0, 0, 0, 7, 16, 257
"e:\Project\1-vue-naive-admin\src\views\pms\role\api.js", "JavaScript", 11, 0, 0, 0, 0, 0, 0, 0, 0, 0, 7, 4, 22
"e:\Project\1-vue-naive-admin\src\views\pms\role\index.vue", "vue", 0, 0, 0, 0, 0, 0, 200, 0, 0, 0, 7, 14, 221
"e:\Project\1-vue-naive-admin\src\views\pms\role\role-user.vue", "vue", 0, 0, 0, 0, 0, 0, 208, 0, 0, 0, 7, 14, 229
"e:\Project\1-vue-naive-admin\src\views\pms\user\api.js", "JavaScript", 9, 0, 0, 0, 0, 0, 0, 0, 0, 0, 7, 4, 20
"e:\Project\1-vue-naive-admin\src\views\pms\user\index.vue", "vue", 0, 0, 0, 0, 0, 0, 301, 0, 0, 0, 7, 18, 326
"e:\Project\1-vue-naive-admin\src\views\profile\api.js", "JavaScript", 5, 0, 0, 0, 0, 0, 0, 0, 0, 0, 7, 3, 15
"e:\Project\1-vue-naive-admin\src\views\profile\index.vue", "vue", 0, 0, 0, 0, 0, 0, 147, 0, 0, 0, 7, 14, 168
"e:\Project\1-vue-naive-admin\uno.config.js", "JavaScript", 50, 0, 0, 0, 0, 0, 0, 0, 0, 0, 7, 3, 60
"e:\Project\1-vue-naive-admin\vite.config.js", "JavaScript", 65, 0, 0, 0, 0, 0, 0, 0, 0, 0, 11, 4, 80
"Total", "-", 1470, 1, 85, 60, 14, 6018, 3822, 67, 275, 356, 859, 2381, 15408